n,repetition,seed,method,dimension,runtime_seconds,status,error,timing_scope
200,0,21160721,CPI,50,86.10765538131818,SUCCESS,,evaluate_only
200,0,21160721,LOCO,50,95.50761027773842,SUCCESS,,evaluate_only
200,0,21160721,nLOCO,50,191.75145031511784,SUCCESS,,evaluate_only
200,0,21160721,dLOCO,50,114.01546352822334,SUCCESS,,evaluate_only
200,0,21160721,OT,50,7.005839391145855,SUCCESS,,evaluate_only
200,0,21160721,EOT,50,5.118473424110562,SUCCESS,,evaluate_only
200,0,21160721,FDFI,50,26.40192419430241,SUCCESS,,evaluate_only
200,0,21160721,SHAP,10,1472.0743087059818,SUCCESS,,evaluate_only
200,1,21160821,CPI,50,87.86793879931793,SUCCESS,,evaluate_only
200,1,21160821,LOCO,50,99.438821349293,SUCCESS,,evaluate_only
200,1,21160821,nLOCO,50,208.8521363600157,SUCCESS,,evaluate_only
200,1,21160821,dLOCO,50,124.15061932103708,SUCCESS,,evaluate_only
200,1,21160821,OT,50,7.588115356862545,SUCCESS,,evaluate_only
200,1,21160821,EOT,50,5.940802616067231,SUCCESS,,evaluate_only
200,1,21160821,FDFI,50,26.756985490210354,SUCCESS,,evaluate_only
200,1,21160821,SHAP,10,1461.0788374319673,SUCCESS,,evaluate_only
200,2,21160921,CPI,50,86.66901549696922,SUCCESS,,evaluate_only
200,2,21160921,LOCO,50,101.46983384201305,SUCCESS,,evaluate_only
200,2,21160921,nLOCO,50,209.299927698914,SUCCESS,,evaluate_only
200,2,21160921,dLOCO,50,123.30222270078956,SUCCESS,,evaluate_only
200,2,21160921,OT,50,7.420083752833307,SUCCESS,,evaluate_only
200,2,21160921,EOT,50,6.3495497880503535,SUCCESS,,evaluate_only
200,2,21160921,FDFI,50,26.60612889705226,SUCCESS,,evaluate_only
400,0,21160721,CPI,50,105.298013033811,SUCCESS,,evaluate_only
400,0,21160721,LOCO,50,104.34931238088757,SUCCESS,,evaluate_only
400,0,21160721,nLOCO,50,210.1475735269487,SUCCESS,,evaluate_only
400,0,21160721,dLOCO,50,165.051835951861,SUCCESS,,evaluate_only
400,0,21160721,OT,50,15.696399150416255,SUCCESS,,evaluate_only
400,0,21160721,EOT,50,11.285078864078969,SUCCESS,,evaluate_only
400,0,21160721,FDFI,50,44.85207723872736,SUCCESS,,evaluate_only
400,0,21160721,SHAP,10,1437.9631933290511,SUCCESS,,evaluate_only
600,0,21160721,CPI,50,122.7243009051308,SUCCESS,,evaluate_only
600,0,21160721,LOCO,50,92.42733166925609,SUCCESS,,evaluate_only
600,0,21160721,nLOCO,50,186.08528659725562,SUCCESS,,evaluate_only
600,0,21160721,dLOCO,50,247.4430743418634,SUCCESS,,evaluate_only
600,0,21160721,OT,50,23.916879390832037,SUCCESS,,evaluate_only
600,0,21160721,EOT,50,24.904110780451447,SUCCESS,,evaluate_only
600,0,21160721,FDFI,50,71.79539997316897,SUCCESS,,evaluate_only
600,0,21160721,SHAP,10,1355.9897033302113,SUCCESS,,evaluate_only
800,0,21160721,CPI,50,213.34219630016014,SUCCESS,,evaluate_only
800,0,21160721,LOCO,50,90.26555796992034,SUCCESS,,evaluate_only
800,0,21160721,nLOCO,50,190.75522730592638,SUCCESS,,evaluate_only
800,0,21160721,dLOCO,50,346.743148509413,SUCCESS,,evaluate_only
800,0,21160721,OT,50,39.274399764835835,SUCCESS,,evaluate_only
800,0,21160721,EOT,50,33.86576945800334,SUCCESS,,evaluate_only
800,0,21160721,FDFI,50,100.7285827617161,SUCCESS,,evaluate_only
800,0,21160721,SHAP,10,1351.9647916569375,SUCCESS,,evaluate_only
1000,0,21160721,CPI,50,207.48341928608716,SUCCESS,,evaluate_only
1000,0,21160721,LOCO,50,97.8217438859865,SUCCESS,,evaluate_only
1000,0,21160721,nLOCO,50,195.61616125609726,SUCCESS,,evaluate_only
1000,0,21160721,dLOCO,50,467.5433197929524,SUCCESS,,evaluate_only
1000,0,21160721,OT,50,47.9337201686576,SUCCESS,,evaluate_only
1000,0,21160721,EOT,50,41.01464002393186,SUCCESS,,evaluate_only
1000,0,21160721,FDFI,50,120.78398799197748,SUCCESS,,evaluate_only
1000,0,21160721,SHAP,10,1424.3144262963906,SUCCESS,,evaluate_only
400,1,21160821,CPI,50,140.37623841594905,SUCCESS,,evaluate_only
400,1,21160821,LOCO,50,92.62208409514278,SUCCESS,,evaluate_only
400,1,21160821,nLOCO,50,230.87540510529652,SUCCESS,,evaluate_only
400,1,21160821,dLOCO,50,163.0250877533108,SUCCESS,,evaluate_only
400,1,21160821,OT,50,11.172579633072019,SUCCESS,,evaluate_only
400,1,21160821,EOT,50,11.082991561852396,SUCCESS,,evaluate_only
400,1,21160821,FDFI,50,45.15728486282751,SUCCESS,,evaluate_only
400,1,21160821,SHAP,10,1540.168470568955,SUCCESS,,evaluate_only
600,1,21160821,CPI,50,125.89013702701777,SUCCESS,,evaluate_only
600,1,21160821,LOCO,50,98.61733653023839,SUCCESS,,evaluate_only
600,1,21160821,nLOCO,50,205.16181085212156,SUCCESS,,evaluate_only
600,1,21160821,dLOCO,50,228.11087016714737,SUCCESS,,evaluate_only
600,1,21160821,OT,50,20.17710827663541,SUCCESS,,evaluate_only
600,1,21160821,EOT,50,18.177824982907623,SUCCESS,,evaluate_only
600,1,21160821,FDFI,50,57.607193388044834,SUCCESS,,evaluate_only
600,1,21160821,SHAP,10,1423.8313996740617,SUCCESS,,evaluate_only
800,1,21160821,CPI,50,144.90053352015093,SUCCESS,,evaluate_only
800,1,21160821,LOCO,50,96.67410072218627,SUCCESS,,evaluate_only
800,1,21160821,nLOCO,50,207.62128903809935,SUCCESS,,evaluate_only
800,1,21160821,dLOCO,50,330.13451799890026,SUCCESS,,evaluate_only
800,1,21160821,OT,50,26.38228929694742,SUCCESS,,evaluate_only
800,1,21160821,EOT,50,25.736968825105578,SUCCESS,,evaluate_only
800,1,21160821,FDFI,50,74.58578197611496,SUCCESS,,evaluate_only
800,1,21160821,SHAP,10,1536.1266272468492,SUCCESS,,evaluate_only
1000,1,21160821,CPI,50,163.63493484212086,SUCCESS,,evaluate_only
1000,1,21160821,LOCO,50,97.55815965635702,SUCCESS,,evaluate_only
1000,1,21160821,nLOCO,50,214.9353060433641,SUCCESS,,evaluate_only
1000,1,21160821,dLOCO,50,387.3548522312194,SUCCESS,,evaluate_only
1000,1,21160821,OT,50,35.30208141775802,SUCCESS,,evaluate_only
1000,1,21160821,EOT,50,34.62886073207483,SUCCESS,,evaluate_only
1000,1,21160821,FDFI,50,93.44750327989459,SUCCESS,,evaluate_only
1000,1,21160821,SHAP,10,1607.1583089800552,SUCCESS,,evaluate_only
200,2,21160921,SHAP,10,1477.39497174602,SUCCESS,,evaluate_only
400,2,21160921,CPI,50,105.2579420749098,SUCCESS,,evaluate_only
400,2,21160921,LOCO,50,103.32616753363982,SUCCESS,,evaluate_only
400,2,21160921,nLOCO,50,213.32037128228694,SUCCESS,,evaluate_only
400,2,21160921,dLOCO,50,168.6130571682006,SUCCESS,,evaluate_only
400,2,21160921,OT,50,12.557449941057712,SUCCESS,,evaluate_only
400,2,21160921,EOT,50,11.162569895386696,SUCCESS,,evaluate_only
400,2,21160921,FDFI,50,44.725594053044915,SUCCESS,,evaluate_only
400,2,21160921,SHAP,10,1531.2190273236483,SUCCESS,,evaluate_only
600,2,21160921,CPI,50,123.56116172811016,SUCCESS,,evaluate_only
600,2,21160921,LOCO,50,97.48265595594421,SUCCESS,,evaluate_only
600,2,21160921,nLOCO,50,203.63305506994948,SUCCESS,,evaluate_only
600,2,21160921,dLOCO,50,237.94065177068114,SUCCESS,,evaluate_only
600,2,21160921,OT,50,20.093294474761933,SUCCESS,,evaluate_only
600,2,21160921,EOT,50,18.237217837013304,SUCCESS,,evaluate_only
600,2,21160921,FDFI,50,57.10187391983345,SUCCESS,,evaluate_only
600,2,21160921,SHAP,10,1484.3931964682415,SUCCESS,,evaluate_only
800,2,21160921,CPI,50,143.34607319207862,SUCCESS,,evaluate_only
800,2,21160921,LOCO,50,98.00859393691644,SUCCESS,,evaluate_only
800,2,21160921,nLOCO,50,206.00738224200904,SUCCESS,,evaluate_only
800,2,21160921,dLOCO,50,306.7216487918049,SUCCESS,,evaluate_only
800,2,21160921,OT,50,25.79744250094518,SUCCESS,,evaluate_only
800,2,21160921,EOT,50,25.550745632965118,SUCCESS,,evaluate_only
800,2,21160921,FDFI,50,73.64512317907065,SUCCESS,,evaluate_only
800,2,21160921,SHAP,10,1539.764932794962,SUCCESS,,evaluate_only
1000,2,21160921,CPI,50,162.7404409139417,SUCCESS,,evaluate_only
1000,2,21160921,LOCO,50,97.77725189505145,SUCCESS,,evaluate_only
1000,2,21160921,nLOCO,50,196.50940010510385,SUCCESS,,evaluate_only
1000,2,21160921,dLOCO,50,392.83074155729264,SUCCESS,,evaluate_only
1000,2,21160921,OT,50,34.57544998265803,SUCCESS,,evaluate_only
1000,2,21160921,EOT,50,34.532869092188776,SUCCESS,,evaluate_only
1000,2,21160921,FDFI,50,97.37399062886834,SUCCESS,,evaluate_only
1000,2,21160921,SHAP,10,1629.64967462793,SUCCESS,,evaluate_only
200,3,21161021,CPI,50,89.49853655183688,SUCCESS,,evaluate_only
200,3,21161021,LOCO,50,100.79886445496231,SUCCESS,,evaluate_only
200,3,21161021,nLOCO,50,206.06011763820425,SUCCESS,,evaluate_only
200,3,21161021,dLOCO,50,122.47941038291901,SUCCESS,,evaluate_only
200,3,21161021,OT,50,7.631450233981013,SUCCESS,,evaluate_only
200,3,21161021,EOT,50,6.747351080644876,SUCCESS,,evaluate_only
200,3,21161021,FDFI,50,26.866833444219083,SUCCESS,,evaluate_only
200,3,21161021,SHAP,10,1454.0794463581406,SUCCESS,,evaluate_only
400,3,21161021,CPI,50,105.29849608056247,SUCCESS,,evaluate_only
400,3,21161021,LOCO,50,104.29241767385975,SUCCESS,,evaluate_only
400,3,21161021,nLOCO,50,213.0378139638342,SUCCESS,,evaluate_only
400,3,21161021,dLOCO,50,163.32568630203605,SUCCESS,,evaluate_only
400,3,21161021,OT,50,12.831391317769885,SUCCESS,,evaluate_only
400,3,21161021,EOT,50,10.99012233223766,SUCCESS,,evaluate_only
400,3,21161021,FDFI,50,44.648575187660754,SUCCESS,,evaluate_only
400,3,21161021,SHAP,10,1513.5482240058482,SUCCESS,,evaluate_only
600,3,21161021,CPI,50,122.86857639905065,SUCCESS,,evaluate_only
600,3,21161021,LOCO,50,97.48320309072733,SUCCESS,,evaluate_only
600,3,21161021,nLOCO,50,204.16356798168272,SUCCESS,,evaluate_only
600,3,21161021,dLOCO,50,235.93643815396354,SUCCESS,,evaluate_only
600,3,21161021,OT,50,19.332554052118212,SUCCESS,,evaluate_only
600,3,21161021,EOT,50,18.25447897426784,SUCCESS,,evaluate_only
600,3,21161021,FDFI,50,58.17120489384979,SUCCESS,,evaluate_only
600,3,21161021,SHAP,10,1474.1011597472243,SUCCESS,,evaluate_only
800,3,21161021,CPI,50,143.56658277614042,SUCCESS,,evaluate_only
800,3,21161021,LOCO,50,96.39581192703918,SUCCESS,,evaluate_only
800,3,21161021,nLOCO,50,205.9235151000321,SUCCESS,,evaluate_only
800,3,21161021,dLOCO,50,319.3001207872294,SUCCESS,,evaluate_only
800,3,21161021,OT,50,25.58805191423744,SUCCESS,,evaluate_only
800,3,21161021,EOT,50,25.589414563961327,SUCCESS,,evaluate_only
800,3,21161021,FDFI,50,72.65396219212562,SUCCESS,,evaluate_only
800,3,21161021,SHAP,10,1517.7652109889314,SUCCESS,,evaluate_only
1000,3,21161021,CPI,50,162.48917083116248,SUCCESS,,evaluate_only
1000,3,21161021,LOCO,50,95.48292378801852,SUCCESS,,evaluate_only
1000,3,21161021,nLOCO,50,200.8162421649322,SUCCESS,,evaluate_only
1000,3,21161021,dLOCO,50,384.3007844653912,SUCCESS,,evaluate_only
1000,3,21161021,OT,50,34.31050620879978,SUCCESS,,evaluate_only
1000,3,21161021,EOT,50,34.29027960030362,SUCCESS,,evaluate_only
1000,3,21161021,FDFI,50,94.0982145681046,SUCCESS,,evaluate_only
1000,3,21161021,SHAP,10,1605.608232929837,SUCCESS,,evaluate_only
200,4,21161121,CPI,50,89.03301534987986,SUCCESS,,evaluate_only
200,4,21161121,LOCO,50,97.0940404040739,SUCCESS,,evaluate_only
200,4,21161121,nLOCO,50,207.38755713077262,SUCCESS,,evaluate_only
200,4,21161121,dLOCO,50,122.33886524429545,SUCCESS,,evaluate_only
200,4,21161121,OT,50,6.969607905019075,SUCCESS,,evaluate_only
200,4,21161121,EOT,50,6.343201938550919,SUCCESS,,evaluate_only
200,4,21161121,FDFI,50,27.067303908988833,SUCCESS,,evaluate_only
200,4,21161121,SHAP,10,1475.6958305560984,SUCCESS,,evaluate_only
400,4,21161121,CPI,50,109.09724722988904,SUCCESS,,evaluate_only
400,4,21161121,LOCO,50,104.24578473903239,SUCCESS,,evaluate_only
400,4,21161121,nLOCO,50,213.87010620487854,SUCCESS,,evaluate_only
400,4,21161121,dLOCO,50,167.20561695983633,SUCCESS,,evaluate_only
400,4,21161121,OT,50,13.43179385503754,SUCCESS,,evaluate_only
400,4,21161121,EOT,50,11.093105176929384,SUCCESS,,evaluate_only
400,4,21161121,FDFI,50,45.23322137212381,SUCCESS,,evaluate_only
400,4,21161121,SHAP,10,1537.7886054469272,SUCCESS,,evaluate_only
600,4,21161121,CPI,50,122.94499041326344,SUCCESS,,evaluate_only
600,4,21161121,LOCO,50,97.35538760432974,SUCCESS,,evaluate_only
600,4,21161121,nLOCO,50,203.22726655192673,SUCCESS,,evaluate_only
600,4,21161121,dLOCO,50,236.10674936696887,SUCCESS,,evaluate_only
600,4,21161121,OT,50,19.68741482589394,SUCCESS,,evaluate_only
600,4,21161121,EOT,50,18.000468983780593,SUCCESS,,evaluate_only
600,4,21161121,FDFI,50,57.686649952083826,SUCCESS,,evaluate_only
600,4,21161121,SHAP,10,1497.194047267083,SUCCESS,,evaluate_only
800,4,21161121,CPI,50,145.13046343484893,SUCCESS,,evaluate_only
800,4,21161121,LOCO,50,95.99830454401672,SUCCESS,,evaluate_only
800,4,21161121,nLOCO,50,207.02893248200417,SUCCESS,,evaluate_only
800,4,21161121,dLOCO,50,320.1217676619999,SUCCESS,,evaluate_only
800,4,21161121,OT,50,26.819387804251164,SUCCESS,,evaluate_only
800,4,21161121,EOT,50,26.404783485922962,SUCCESS,,evaluate_only
800,4,21161121,FDFI,50,77.59174070693552,SUCCESS,,evaluate_only
800,4,21161121,SHAP,10,1537.2773228548467,SUCCESS,,evaluate_only
1000,4,21161121,CPI,50,163.61477165995166,SUCCESS,,evaluate_only
1000,4,21161121,LOCO,50,97.37453659623861,SUCCESS,,evaluate_only
1000,4,21161121,nLOCO,50,195.01237972080708,SUCCESS,,evaluate_only
1000,4,21161121,dLOCO,50,391.8452535760589,SUCCESS,,evaluate_only
1000,4,21161121,OT,50,34.46451423224062,SUCCESS,,evaluate_only
1000,4,21161121,EOT,50,34.467733641620725,SUCCESS,,evaluate_only
1000,4,21161121,FDFI,50,94.72502557514235,SUCCESS,,evaluate_only
1000,4,21161121,SHAP,10,1635.089857053943,SUCCESS,,evaluate_only
200,5,21161221,CPI,50,88.06885556690395,SUCCESS,,evaluate_only
200,5,21161221,LOCO,50,97.86159250605851,SUCCESS,,evaluate_only
200,5,21161221,nLOCO,50,207.68150128424168,SUCCESS,,evaluate_only
200,5,21161221,dLOCO,50,122.28456788090989,SUCCESS,,evaluate_only
200,5,21161221,OT,50,7.384489126037806,SUCCESS,,evaluate_only
200,5,21161221,EOT,50,5.451538873370737,SUCCESS,,evaluate_only
200,5,21161221,FDFI,50,26.196705217007548,SUCCESS,,evaluate_only
200,5,21161221,SHAP,10,1461.391831887886,SUCCESS,,evaluate_only
400,5,21161221,CPI,50,105.50744626997039,SUCCESS,,evaluate_only
400,5,21161221,LOCO,50,103.38376499712467,SUCCESS,,evaluate_only
400,5,21161221,nLOCO,50,213.36490174476057,SUCCESS,,evaluate_only
400,5,21161221,dLOCO,50,169.50668607791886,SUCCESS,,evaluate_only
400,5,21161221,OT,50,15.458057284820825,SUCCESS,,evaluate_only
400,5,21161221,EOT,50,11.346601232886314,SUCCESS,,evaluate_only
400,5,21161221,FDFI,50,44.862413708120584,SUCCESS,,evaluate_only
400,5,21161221,SHAP,10,1517.732371213846,SUCCESS,,evaluate_only
600,5,21161221,CPI,50,124.13823137525469,SUCCESS,,evaluate_only
600,5,21161221,LOCO,50,97.30947220185772,SUCCESS,,evaluate_only
600,5,21161221,nLOCO,50,202.67364992573857,SUCCESS,,evaluate_only
600,5,21161221,dLOCO,50,241.14523014891893,SUCCESS,,evaluate_only
600,5,21161221,OT,50,20.255106977187097,SUCCESS,,evaluate_only
600,5,21161221,EOT,50,18.5353700700216,SUCCESS,,evaluate_only
600,5,21161221,FDFI,50,58.20838153734803,SUCCESS,,evaluate_only
600,5,21161221,SHAP,10,1482.3005568040535,SUCCESS,,evaluate_only
800,5,21161221,CPI,50,141.2253909339197,SUCCESS,,evaluate_only
800,5,21161221,LOCO,50,96.44886412424967,SUCCESS,,evaluate_only
800,5,21161221,nLOCO,50,206.82912938203663,SUCCESS,,evaluate_only
800,5,21161221,dLOCO,50,308.0531338378787,SUCCESS,,evaluate_only
800,5,21161221,OT,50,25.922060764860362,SUCCESS,,evaluate_only
800,5,21161221,EOT,50,25.42111553903669,SUCCESS,,evaluate_only
800,5,21161221,FDFI,50,73.23469483293593,SUCCESS,,evaluate_only
800,5,21161221,SHAP,10,1516.3768472699448,SUCCESS,,evaluate_only
1000,5,21161221,CPI,50,161.72317711124197,SUCCESS,,evaluate_only
1000,5,21161221,LOCO,50,98.69598835986108,SUCCESS,,evaluate_only
1000,5,21161221,nLOCO,50,196.39845783170313,SUCCESS,,evaluate_only
1000,5,21161221,dLOCO,50,388.4481710246764,SUCCESS,,evaluate_only
1000,5,21161221,OT,50,35.75088960677385,SUCCESS,,evaluate_only
1000,5,21161221,EOT,50,35.01982040796429,SUCCESS,,evaluate_only
1000,5,21161221,FDFI,50,91.16090615605935,SUCCESS,,evaluate_only
1000,5,21161221,SHAP,10,1608.3740547872148,SUCCESS,,evaluate_only
200,6,21161321,CPI,50,90.39165148790926,SUCCESS,,evaluate_only
200,6,21161321,LOCO,50,101.74710627133027,SUCCESS,,evaluate_only
200,6,21161321,nLOCO,50,207.2756106699817,SUCCESS,,evaluate_only
200,6,21161321,dLOCO,50,122.52598828123882,SUCCESS,,evaluate_only
200,6,21161321,OT,50,7.335526887793094,SUCCESS,,evaluate_only
200,6,21161321,EOT,50,5.874082542024553,SUCCESS,,evaluate_only
200,6,21161321,FDFI,50,26.669340564869344,SUCCESS,,evaluate_only
200,6,21161321,SHAP,10,1513.027217224706,SUCCESS,,evaluate_only
400,6,21161321,CPI,50,107.0680430312641,SUCCESS,,evaluate_only
400,6,21161321,LOCO,50,102.19297313690186,SUCCESS,,evaluate_only
400,6,21161321,nLOCO,50,211.20029621198773,SUCCESS,,evaluate_only
400,6,21161321,dLOCO,50,161.5033794627525,SUCCESS,,evaluate_only
400,6,21161321,OT,50,13.627600428182632,SUCCESS,,evaluate_only
400,6,21161321,EOT,50,11.041800908744335,SUCCESS,,evaluate_only
400,6,21161321,FDFI,50,45.55471711605787,SUCCESS,,evaluate_only
400,6,21161321,SHAP,10,1574.272515125107,SUCCESS,,evaluate_only
600,6,21161321,CPI,50,123.86197628127411,SUCCESS,,evaluate_only
600,6,21161321,LOCO,50,98.57226266898215,SUCCESS,,evaluate_only
600,6,21161321,nLOCO,50,202.18697238899767,SUCCESS,,evaluate_only
600,6,21161321,dLOCO,50,234.0699050910771,SUCCESS,,evaluate_only
600,6,21161321,OT,50,20.342020872049034,SUCCESS,,evaluate_only
600,6,21161321,EOT,50,18.196985064074397,SUCCESS,,evaluate_only
600,6,21161321,FDFI,50,56.6106140287593,SUCCESS,,evaluate_only
600,6,21161321,SHAP,10,1535.195913179312,SUCCESS,,evaluate_only
800,6,21161321,CPI,50,144.244604724925,SUCCESS,,evaluate_only
800,6,21161321,LOCO,50,94.44087196793407,SUCCESS,,evaluate_only
800,6,21161321,nLOCO,50,211.04527729889378,SUCCESS,,evaluate_only
800,6,21161321,dLOCO,50,304.8436057884246,SUCCESS,,evaluate_only
800,6,21161321,OT,50,25.779112240765244,SUCCESS,,evaluate_only
800,6,21161321,EOT,50,25.464403426274657,SUCCESS,,evaluate_only
800,6,21161321,FDFI,50,72.55350459134206,SUCCESS,,evaluate_only
800,6,21161321,SHAP,10,1596.3712857966311,SUCCESS,,evaluate_only
1000,6,21161321,CPI,50,165.20931709883735,SUCCESS,,evaluate_only
1000,6,21161321,LOCO,50,98.94007511297241,SUCCESS,,evaluate_only
1000,6,21161321,nLOCO,50,198.44810204487294,SUCCESS,,evaluate_only
1000,6,21161321,dLOCO,50,379.73295893799514,SUCCESS,,evaluate_only
1000,6,21161321,OT,50,34.650946978945285,SUCCESS,,evaluate_only
1000,6,21161321,EOT,50,34.65321802906692,SUCCESS,,evaluate_only
1000,6,21161321,FDFI,50,91.20264828763902,SUCCESS,,evaluate_only
1000,6,21161321,SHAP,10,1531.8886070610024,SUCCESS,,evaluate_only
200,7,21161421,CPI,50,89.74640203174204,SUCCESS,,evaluate_only
200,7,21161421,LOCO,50,96.15600063884631,SUCCESS,,evaluate_only
200,7,21161421,nLOCO,50,194.93103054491803,SUCCESS,,evaluate_only
200,7,21161421,dLOCO,50,115.03894881112501,SUCCESS,,evaluate_only
200,7,21161421,OT,50,7.112383528146893,SUCCESS,,evaluate_only
200,7,21161421,EOT,50,6.489158843643963,SUCCESS,,evaluate_only
200,7,21161421,FDFI,50,26.069602525327355,SUCCESS,,evaluate_only
200,7,21161421,SHAP,10,1307.848712446168,SUCCESS,,evaluate_only
400,7,21161421,CPI,50,111.99028077395633,SUCCESS,,evaluate_only
400,7,21161421,LOCO,50,98.32438249606639,SUCCESS,,evaluate_only
400,7,21161421,nLOCO,50,196.28957751905546,SUCCESS,,evaluate_only
400,7,21161421,dLOCO,50,154.34834504313767,SUCCESS,,evaluate_only
400,7,21161421,OT,50,13.725144838914275,SUCCESS,,evaluate_only
400,7,21161421,EOT,50,10.865131651051342,SUCCESS,,evaluate_only
400,7,21161421,FDFI,50,51.38046235498041,SUCCESS,,evaluate_only
400,7,21161421,SHAP,10,1249.013653529808,SUCCESS,,evaluate_only
600,7,21161421,CPI,50,152.1999388341792,SUCCESS,,evaluate_only
600,7,21161421,LOCO,50,82.13377646403387,SUCCESS,,evaluate_only
600,7,21161421,nLOCO,50,164.69152922788635,SUCCESS,,evaluate_only
600,7,21161421,dLOCO,50,213.1856701229699,SUCCESS,,evaluate_only
600,7,21161421,OT,50,23.09649950172752,SUCCESS,,evaluate_only
600,7,21161421,EOT,50,24.314060614909977,SUCCESS,,evaluate_only
600,7,21161421,FDFI,50,72.76507890596986,SUCCESS,,evaluate_only
600,7,21161421,SHAP,10,1390.5272031766362,SUCCESS,,evaluate_only
800,7,21161421,CPI,50,142.33401372702792,SUCCESS,,evaluate_only
800,7,21161421,LOCO,50,95.4568992848508,SUCCESS,,evaluate_only
800,7,21161421,nLOCO,50,207.23768870905042,SUCCESS,,evaluate_only
800,7,21161421,dLOCO,50,324.04600528022274,SUCCESS,,evaluate_only
800,7,21161421,OT,50,26.927089591976255,SUCCESS,,evaluate_only
800,7,21161421,EOT,50,25.75596051895991,SUCCESS,,evaluate_only
800,7,21161421,FDFI,50,75.29760743118823,SUCCESS,,evaluate_only
800,7,21161421,SHAP,10,1502.7011240459979,SUCCESS,,evaluate_only
1000,7,21161421,CPI,50,163.77200665976852,SUCCESS,,evaluate_only
1000,7,21161421,LOCO,50,99.83381439512596,SUCCESS,,evaluate_only
1000,7,21161421,nLOCO,50,208.49247643258423,SUCCESS,,evaluate_only
1000,7,21161421,dLOCO,50,404.66466330876574,SUCCESS,,evaluate_only
1000,7,21161421,OT,50,34.71333738276735,SUCCESS,,evaluate_only
1000,7,21161421,EOT,50,34.656356619205326,SUCCESS,,evaluate_only
1000,7,21161421,FDFI,50,91.19035540195182,SUCCESS,,evaluate_only
1000,7,21161421,SHAP,10,1634.643830951769,SUCCESS,,evaluate_only
200,8,21161521,CPI,50,87.56170669104904,SUCCESS,,evaluate_only
200,8,21161521,LOCO,50,101.60594732873142,SUCCESS,,evaluate_only
200,8,21161521,nLOCO,50,206.10888639092445,SUCCESS,,evaluate_only
200,8,21161521,dLOCO,50,122.82610278995708,SUCCESS,,evaluate_only
200,8,21161521,OT,50,6.542714172042906,SUCCESS,,evaluate_only
200,8,21161521,EOT,50,4.790782727766782,SUCCESS,,evaluate_only
200,8,21161521,FDFI,50,25.933979395311326,SUCCESS,,evaluate_only
200,8,21161521,SHAP,10,1493.2261047977954,SUCCESS,,evaluate_only
400,8,21161521,CPI,50,104.57701977295801,SUCCESS,,evaluate_only
400,8,21161521,LOCO,50,102.57107144966722,SUCCESS,,evaluate_only
400,8,21161521,nLOCO,50,212.1352548371069,SUCCESS,,evaluate_only
400,8,21161521,dLOCO,50,165.04524883022532,SUCCESS,,evaluate_only
400,8,21161521,OT,50,13.06988029088825,SUCCESS,,evaluate_only
400,8,21161521,EOT,50,11.003768695052713,SUCCESS,,evaluate_only
400,8,21161521,FDFI,50,45.620302820112556,SUCCESS,,evaluate_only
400,8,21161521,SHAP,10,1560.665505329147,SUCCESS,,evaluate_only
600,8,21161521,CPI,50,123.20506670186296,SUCCESS,,evaluate_only
600,8,21161521,LOCO,50,97.59567788988352,SUCCESS,,evaluate_only
600,8,21161521,nLOCO,50,204.05941955419257,SUCCESS,,evaluate_only
600,8,21161521,dLOCO,50,240.10724224196747,SUCCESS,,evaluate_only
600,8,21161521,OT,50,20.032933940179646,SUCCESS,,evaluate_only
600,8,21161521,EOT,50,17.868454399053007,SUCCESS,,evaluate_only
600,8,21161521,FDFI,50,57.87779934005812,SUCCESS,,evaluate_only
600,8,21161521,SHAP,10,1517.143752463162,SUCCESS,,evaluate_only
800,8,21161521,CPI,50,142.66032992163673,SUCCESS,,evaluate_only
800,8,21161521,LOCO,50,98.3599236421287,SUCCESS,,evaluate_only
800,8,21161521,nLOCO,50,207.72414850397035,SUCCESS,,evaluate_only
800,8,21161521,dLOCO,50,308.53612772002816,SUCCESS,,evaluate_only
800,8,21161521,OT,50,25.50799892982468,SUCCESS,,evaluate_only
800,8,21161521,EOT,50,25.628874331712723,SUCCESS,,evaluate_only
800,8,21161521,FDFI,50,72.56166382227093,SUCCESS,,evaluate_only
800,8,21161521,SHAP,10,1559.2194752679206,SUCCESS,,evaluate_only
1000,8,21161521,CPI,50,163.14844785118476,SUCCESS,,evaluate_only
1000,8,21161521,LOCO,50,98.50999948428944,SUCCESS,,evaluate_only
1000,8,21161521,nLOCO,50,197.19624235201627,SUCCESS,,evaluate_only
1000,8,21161521,dLOCO,50,381.98147341702133,SUCCESS,,evaluate_only
1000,8,21161521,OT,50,34.527547916863114,SUCCESS,,evaluate_only
1000,8,21161521,EOT,50,34.35608049901202,SUCCESS,,evaluate_only
1000,8,21161521,FDFI,50,93.9937557503581,SUCCESS,,evaluate_only
1000,8,21161521,SHAP,10,1636.4279858372174,SUCCESS,,evaluate_only
200,9,21161621,CPI,50,89.55278379889205,SUCCESS,,evaluate_only
200,9,21161621,LOCO,50,100.88842370780185,SUCCESS,,evaluate_only
200,9,21161621,nLOCO,50,207.93846273701638,SUCCESS,,evaluate_only
200,9,21161621,dLOCO,50,119.41233005188406,SUCCESS,,evaluate_only
200,9,21161621,OT,50,7.260935025755316,SUCCESS,,evaluate_only
200,9,21161621,EOT,50,5.851020645350218,SUCCESS,,evaluate_only
200,9,21161621,FDFI,50,26.57056311611086,SUCCESS,,evaluate_only
200,9,21161621,SHAP,10,1455.9837289517745,SUCCESS,,evaluate_only
400,9,21161621,CPI,50,105.28649975266308,SUCCESS,,evaluate_only
400,9,21161621,LOCO,50,103.52126028388739,SUCCESS,,evaluate_only
400,9,21161621,nLOCO,50,210.62805991899222,SUCCESS,,evaluate_only
400,9,21161621,dLOCO,50,160.3920637439005,SUCCESS,,evaluate_only
400,9,21161621,OT,50,14.12813454028219,SUCCESS,,evaluate_only
400,9,21161621,EOT,50,10.9223806951195,SUCCESS,,evaluate_only
400,9,21161621,FDFI,50,44.231513182632625,SUCCESS,,evaluate_only
400,9,21161621,SHAP,10,1478.866185261868,SUCCESS,,evaluate_only
600,9,21161621,CPI,50,123.6521994411014,SUCCESS,,evaluate_only
600,9,21161621,LOCO,50,97.64175418997183,SUCCESS,,evaluate_only
600,9,21161621,nLOCO,50,204.58825676469132,SUCCESS,,evaluate_only
600,9,21161621,dLOCO,50,236.48838148172945,SUCCESS,,evaluate_only
600,9,21161621,OT,50,19.13118546595797,SUCCESS,,evaluate_only
600,9,21161621,EOT,50,18.21322253998369,SUCCESS,,evaluate_only
600,9,21161621,FDFI,50,56.48447141516954,SUCCESS,,evaluate_only
600,9,21161621,SHAP,10,1447.3485237699933,SUCCESS,,evaluate_only
800,9,21161621,CPI,50,144.21670491015539,SUCCESS,,evaluate_only
800,9,21161621,LOCO,50,92.35972440289333,SUCCESS,,evaluate_only
800,9,21161621,nLOCO,50,197.33438448701054,SUCCESS,,evaluate_only
800,9,21161621,dLOCO,50,313.3450066782534,SUCCESS,,evaluate_only
800,9,21161621,OT,50,26.319534588139504,SUCCESS,,evaluate_only
800,9,21161621,EOT,50,25.76733298180625,SUCCESS,,evaluate_only
800,9,21161621,FDFI,50,72.44090288691223,SUCCESS,,evaluate_only
800,9,21161621,SHAP,10,1523.894059408456,SUCCESS,,evaluate_only
1000,9,21161621,CPI,50,159.30238439235836,SUCCESS,,evaluate_only
1000,9,21161621,LOCO,50,99.20191775308922,SUCCESS,,evaluate_only
1000,9,21161621,nLOCO,50,197.95741775305942,SUCCESS,,evaluate_only
1000,9,21161621,dLOCO,50,384.09416396869346,SUCCESS,,evaluate_only
1000,9,21161621,OT,50,34.616569072939456,SUCCESS,,evaluate_only
1000,9,21161621,EOT,50,34.581336272880435,SUCCESS,,evaluate_only
1000,9,21161621,FDFI,50,90.48684491077438,SUCCESS,,evaluate_only
1000,9,21161621,SHAP,10,1614.8777601760812,SUCCESS,,evaluate_only
200,10,21161721,CPI,50,88.34649719903246,SUCCESS,,evaluate_only
200,10,21161721,LOCO,50,101.32321176119149,SUCCESS,,evaluate_only
200,10,21161721,nLOCO,50,207.08892952278256,SUCCESS,,evaluate_only
200,10,21161721,dLOCO,50,122.07254297612235,SUCCESS,,evaluate_only
200,10,21161721,OT,50,6.242097591981292,SUCCESS,,evaluate_only
200,10,21161721,EOT,50,4.859790445305407,SUCCESS,,evaluate_only
200,10,21161721,FDFI,50,25.65026065800339,SUCCESS,,evaluate_only
200,10,21161721,SHAP,10,1437.4060959131457,SUCCESS,,evaluate_only
400,10,21161721,CPI,50,105.78001970797777,SUCCESS,,evaluate_only
400,10,21161721,LOCO,50,102.34241987671703,SUCCESS,,evaluate_only
400,10,21161721,nLOCO,50,211.9885145178996,SUCCESS,,evaluate_only
400,10,21161721,dLOCO,50,165.63347879238427,SUCCESS,,evaluate_only
400,10,21161721,OT,50,14.199748605955392,SUCCESS,,evaluate_only
400,10,21161721,EOT,50,11.075625921599567,SUCCESS,,evaluate_only
400,10,21161721,FDFI,50,44.829546777997166,SUCCESS,,evaluate_only
400,10,21161721,SHAP,10,1490.2028957228176,SUCCESS,,evaluate_only
600,10,21161721,CPI,50,120.52072939882055,SUCCESS,,evaluate_only
600,10,21161721,LOCO,50,98.88648070720956,SUCCESS,,evaluate_only
600,10,21161721,nLOCO,50,201.92567557515576,SUCCESS,,evaluate_only
600,10,21161721,dLOCO,50,236.14267842797562,SUCCESS,,evaluate_only
600,10,21161721,OT,50,19.13803023379296,SUCCESS,,evaluate_only
600,10,21161721,EOT,50,18.21473446302116,SUCCESS,,evaluate_only
600,10,21161721,FDFI,50,57.24300900194794,SUCCESS,,evaluate_only
600,10,21161721,SHAP,10,1430.322620849125,SUCCESS,,evaluate_only
800,10,21161721,CPI,50,141.89707945892587,SUCCESS,,evaluate_only
800,10,21161721,LOCO,50,94.86027355398983,SUCCESS,,evaluate_only
800,10,21161721,nLOCO,50,207.55932239908725,SUCCESS,,evaluate_only
800,10,21161721,dLOCO,50,317.71253887191415,SUCCESS,,evaluate_only
800,10,21161721,OT,50,26.479559677653015,SUCCESS,,evaluate_only
800,10,21161721,EOT,50,25.756502442993224,SUCCESS,,evaluate_only
800,10,21161721,FDFI,50,73.26067874394357,SUCCESS,,evaluate_only
800,10,21161721,SHAP,10,1499.3734420696273,SUCCESS,,evaluate_only
1000,10,21161721,CPI,50,162.646178541705,SUCCESS,,evaluate_only
1000,10,21161721,LOCO,50,97.2554564899765,SUCCESS,,evaluate_only
1000,10,21161721,nLOCO,50,195.1365163512528,SUCCESS,,evaluate_only
1000,10,21161721,dLOCO,50,387.95192141178995,SUCCESS,,evaluate_only
1000,10,21161721,OT,50,34.603976839687675,SUCCESS,,evaluate_only
1000,10,21161721,EOT,50,34.50263087404892,SUCCESS,,evaluate_only
1000,10,21161721,FDFI,50,101.34248993592337,SUCCESS,,evaluate_only
1000,10,21161721,SHAP,10,1596.7638505659997,SUCCESS,,evaluate_only
200,11,21161821,CPI,50,89.66949821589515,SUCCESS,,evaluate_only
200,11,21161821,LOCO,50,101.59957302780822,SUCCESS,,evaluate_only
200,11,21161821,nLOCO,50,206.13793049706146,SUCCESS,,evaluate_only
200,11,21161821,dLOCO,50,119.23553446121514,SUCCESS,,evaluate_only
200,11,21161821,OT,50,7.185892111156136,SUCCESS,,evaluate_only
200,11,21161821,EOT,50,5.203686090186238,SUCCESS,,evaluate_only
200,11,21161821,FDFI,50,26.16958521772176,SUCCESS,,evaluate_only
200,11,21161821,SHAP,10,1471.588622213807,SUCCESS,,evaluate_only
400,11,21161821,CPI,50,104.92642977368087,SUCCESS,,evaluate_only
400,11,21161821,LOCO,50,102.99882515799254,SUCCESS,,evaluate_only
400,11,21161821,nLOCO,50,207.31350832711905,SUCCESS,,evaluate_only
400,11,21161821,dLOCO,50,167.08411476574838,SUCCESS,,evaluate_only
400,11,21161821,OT,50,14.43774572107941,SUCCESS,,evaluate_only
400,11,21161821,EOT,50,11.292560481000692,SUCCESS,,evaluate_only
400,11,21161821,FDFI,50,44.59169124998152,SUCCESS,,evaluate_only
400,11,21161821,SHAP,10,1465.7433649967425,SUCCESS,,evaluate_only
600,11,21161821,CPI,50,123.78855975391343,SUCCESS,,evaluate_only
600,11,21161821,LOCO,50,92.6666672937572,SUCCESS,,evaluate_only
600,11,21161821,nLOCO,50,186.47505173180252,SUCCESS,,evaluate_only
600,11,21161821,dLOCO,50,214.544597373344,SUCCESS,,evaluate_only
600,11,21161821,OT,50,19.685818201862276,SUCCESS,,evaluate_only
600,11,21161821,EOT,50,18.156694659031928,SUCCESS,,evaluate_only
600,11,21161821,FDFI,50,57.651247408241034,SUCCESS,,evaluate_only
600,11,21161821,SHAP,10,1409.4631176716648,SUCCESS,,evaluate_only
800,11,21161821,CPI,50,144.80584526713938,SUCCESS,,evaluate_only
800,11,21161821,LOCO,50,89.3840730721131,SUCCESS,,evaluate_only
800,11,21161821,nLOCO,50,183.57393515994772,SUCCESS,,evaluate_only
800,11,21161821,dLOCO,50,306.2764055291191,SUCCESS,,evaluate_only
800,11,21161821,OT,50,26.371207575779408,SUCCESS,,evaluate_only
800,11,21161821,EOT,50,25.827350771054626,SUCCESS,,evaluate_only
800,11,21161821,FDFI,50,79.48436608212069,SUCCESS,,evaluate_only
800,11,21161821,SHAP,10,1401.0016419831663,SUCCESS,,evaluate_only
1000,11,21161821,CPI,50,162.33106639422476,SUCCESS,,evaluate_only
1000,11,21161821,LOCO,50,90.9007074139081,SUCCESS,,evaluate_only
1000,11,21161821,nLOCO,50,180.68352695787326,SUCCESS,,evaluate_only
1000,11,21161821,dLOCO,50,359.66598064498976,SUCCESS,,evaluate_only
1000,11,21161821,OT,50,34.90765071893111,SUCCESS,,evaluate_only
1000,11,21161821,EOT,50,34.70751940179616,SUCCESS,,evaluate_only
1000,11,21161821,FDFI,50,102.07192920288071,SUCCESS,,evaluate_only
1000,11,21161821,SHAP,10,1515.3937156470492,SUCCESS,,evaluate_only
200,12,21161921,CPI,50,90.41167406365275,SUCCESS,,evaluate_only
200,12,21161921,LOCO,50,95.09250520681962,SUCCESS,,evaluate_only
200,12,21161921,nLOCO,50,190.94624988595024,SUCCESS,,evaluate_only
200,12,21161921,dLOCO,50,113.85798601992428,SUCCESS,,evaluate_only
200,12,21161921,OT,50,6.928116961847991,SUCCESS,,evaluate_only
200,12,21161921,EOT,50,6.202706965152174,SUCCESS,,evaluate_only
200,12,21161921,FDFI,50,27.080970886629075,SUCCESS,,evaluate_only
200,12,21161921,SHAP,10,1376.2562577999197,SUCCESS,,evaluate_only
400,12,21161921,CPI,50,106.49132980778813,SUCCESS,,evaluate_only
400,12,21161921,LOCO,50,92.06965303095058,SUCCESS,,evaluate_only
400,12,21161921,nLOCO,50,191.90765939094126,SUCCESS,,evaluate_only
400,12,21161921,dLOCO,50,153.18631214508787,SUCCESS,,evaluate_only
400,12,21161921,OT,50,13.341995725873858,SUCCESS,,evaluate_only
400,12,21161921,EOT,50,10.992448069155216,SUCCESS,,evaluate_only
400,12,21161921,FDFI,50,53.08330939617008,SUCCESS,,evaluate_only
400,12,21161921,SHAP,10,1432.5016874191351,SUCCESS,,evaluate_only
600,12,21161921,CPI,50,174.2634112550877,SUCCESS,,evaluate_only
600,12,21161921,LOCO,50,89.50648638466373,SUCCESS,,evaluate_only
600,12,21161921,nLOCO,50,185.97187550272793,SUCCESS,,evaluate_only
600,12,21161921,dLOCO,50,237.17415672494099,SUCCESS,,evaluate_only
600,12,21161921,OT,50,30.803297855891287,SUCCESS,,evaluate_only
600,12,21161921,EOT,50,25.193389995023608,SUCCESS,,evaluate_only
600,12,21161921,FDFI,50,84.7279023383744,SUCCESS,,evaluate_only
600,12,21161921,SHAP,10,1348.083011195995,SUCCESS,,evaluate_only
800,12,21161921,CPI,50,190.42388952337205,SUCCESS,,evaluate_only
800,12,21161921,LOCO,50,91.51929401000962,SUCCESS,,evaluate_only
800,12,21161921,nLOCO,50,208.16380504798144,SUCCESS,,evaluate_only
800,12,21161921,dLOCO,50,320.33673800714314,SUCCESS,,evaluate_only
800,12,21161921,OT,50,27.026016225107014,SUCCESS,,evaluate_only
800,12,21161921,EOT,50,25.734778139274567,SUCCESS,,evaluate_only
800,12,21161921,FDFI,50,74.60701347189024,SUCCESS,,evaluate_only
800,12,21161921,SHAP,10,1554.4365020687692,SUCCESS,,evaluate_only
1000,12,21161921,CPI,50,162.78681059880182,SUCCESS,,evaluate_only
1000,12,21161921,LOCO,50,102.34657936310396,SUCCESS,,evaluate_only
1000,12,21161921,nLOCO,50,214.08519900403917,SUCCESS,,evaluate_only
1000,12,21161921,dLOCO,50,390.4533184650354,SUCCESS,,evaluate_only
1000,12,21161921,OT,50,33.739118012133986,SUCCESS,,evaluate_only
1000,12,21161921,EOT,50,33.74690986517817,SUCCESS,,evaluate_only
1000,12,21161921,FDFI,50,92.03681530803442,SUCCESS,,evaluate_only
1000,12,21161921,SHAP,10,1625.1907623503357,SUCCESS,,evaluate_only
200,13,21162021,CPI,50,89.2307208138518,SUCCESS,,evaluate_only
200,13,21162021,LOCO,50,101.20832450687885,SUCCESS,,evaluate_only
200,13,21162021,nLOCO,50,209.64151013316587,SUCCESS,,evaluate_only
200,13,21162021,dLOCO,50,123.58170837210491,SUCCESS,,evaluate_only
200,13,21162021,OT,50,7.479212711099535,SUCCESS,,evaluate_only
200,13,21162021,EOT,50,7.2334405980072916,SUCCESS,,evaluate_only
200,13,21162021,FDFI,50,26.714512010104954,SUCCESS,,evaluate_only
200,13,21162021,SHAP,10,1448.797646497842,SUCCESS,,evaluate_only
400,13,21162021,CPI,50,105.58140996610746,SUCCESS,,evaluate_only
400,13,21162021,LOCO,50,103.03565556090325,SUCCESS,,evaluate_only
400,13,21162021,nLOCO,50,212.3619208210148,SUCCESS,,evaluate_only
400,13,21162021,dLOCO,50,166.27499764133245,SUCCESS,,evaluate_only
400,13,21162021,OT,50,14.462116442155093,SUCCESS,,evaluate_only
400,13,21162021,EOT,50,11.092960468959063,SUCCESS,,evaluate_only
400,13,21162021,FDFI,50,45.43150372384116,SUCCESS,,evaluate_only
400,13,21162021,SHAP,10,1507.5718368273228,SUCCESS,,evaluate_only
600,13,21162021,CPI,50,125.33915593801066,SUCCESS,,evaluate_only
600,13,21162021,LOCO,50,97.97587727289647,SUCCESS,,evaluate_only
600,13,21162021,nLOCO,50,203.07383368723094,SUCCESS,,evaluate_only
600,13,21162021,dLOCO,50,238.24993127584457,SUCCESS,,evaluate_only
600,13,21162021,OT,50,19.56446922989562,SUCCESS,,evaluate_only
600,13,21162021,EOT,50,18.65208513336256,SUCCESS,,evaluate_only
600,13,21162021,FDFI,50,57.68363444600254,SUCCESS,,evaluate_only
600,13,21162021,SHAP,10,1465.897541007027,SUCCESS,,evaluate_only
800,13,21162021,CPI,50,143.82963970582932,SUCCESS,,evaluate_only
800,13,21162021,LOCO,50,96.83757857885212,SUCCESS,,evaluate_only
800,13,21162021,nLOCO,50,208.3766314610839,SUCCESS,,evaluate_only
800,13,21162021,dLOCO,50,310.40694650588557,SUCCESS,,evaluate_only
800,13,21162021,OT,50,26.50933909090236,SUCCESS,,evaluate_only
800,13,21162021,EOT,50,25.926226295065135,SUCCESS,,evaluate_only
800,13,21162021,FDFI,50,71.96760923415422,SUCCESS,,evaluate_only
800,13,21162021,SHAP,10,1521.0494718370028,SUCCESS,,evaluate_only
1000,13,21162021,CPI,50,163.03459480497986,SUCCESS,,evaluate_only
1000,13,21162021,LOCO,50,98.96385880419984,SUCCESS,,evaluate_only
1000,13,21162021,nLOCO,50,203.2166724880226,SUCCESS,,evaluate_only
1000,13,21162021,dLOCO,50,392.89413962932304,SUCCESS,,evaluate_only
1000,13,21162021,OT,50,34.27137395599857,SUCCESS,,evaluate_only
1000,13,21162021,EOT,50,34.26764772925526,SUCCESS,,evaluate_only
1000,13,21162021,FDFI,50,95.12697246531025,SUCCESS,,evaluate_only
1000,13,21162021,SHAP,10,1595.5643094782718,SUCCESS,,evaluate_only
200,14,21162121,CPI,50,86.93753558816388,SUCCESS,,evaluate_only
200,14,21162121,LOCO,50,99.96816827589646,SUCCESS,,evaluate_only
200,14,21162121,nLOCO,50,208.47604749072343,SUCCESS,,evaluate_only
200,14,21162121,dLOCO,50,122.98433190584183,SUCCESS,,evaluate_only
200,14,21162121,OT,50,7.454307560808957,SUCCESS,,evaluate_only
200,14,21162121,EOT,50,6.854944191873074,SUCCESS,,evaluate_only
200,14,21162121,FDFI,50,26.518259258940816,SUCCESS,,evaluate_only
200,14,21162121,SHAP,10,1485.0849845982157,SUCCESS,,evaluate_only
400,14,21162121,CPI,50,106.39978922670707,SUCCESS,,evaluate_only
400,14,21162121,LOCO,50,104.32261731987819,SUCCESS,,evaluate_only
400,14,21162121,nLOCO,50,213.61695425584912,SUCCESS,,evaluate_only
400,14,21162121,dLOCO,50,167.23725153226405,SUCCESS,,evaluate_only
400,14,21162121,OT,50,14.25355605268851,SUCCESS,,evaluate_only
400,14,21162121,EOT,50,11.289629647973925,SUCCESS,,evaluate_only
400,14,21162121,FDFI,50,44.767072818707675,SUCCESS,,evaluate_only
400,14,21162121,SHAP,10,1539.4352320171893,SUCCESS,,evaluate_only
600,14,21162121,CPI,50,123.40698880469427,SUCCESS,,evaluate_only
600,14,21162121,LOCO,50,97.83685486065224,SUCCESS,,evaluate_only
600,14,21162121,nLOCO,50,203.87506680516526,SUCCESS,,evaluate_only
600,14,21162121,dLOCO,50,230.95833780104294,SUCCESS,,evaluate_only
600,14,21162121,OT,50,21.513745841104537,SUCCESS,,evaluate_only
600,14,21162121,EOT,50,18.14396283403039,SUCCESS,,evaluate_only
600,14,21162121,FDFI,50,58.100968779064715,SUCCESS,,evaluate_only
600,14,21162121,SHAP,10,1500.3780319280922,SUCCESS,,evaluate_only
800,14,21162121,CPI,50,143.51667536702007,SUCCESS,,evaluate_only
800,14,21162121,LOCO,50,98.9538164390251,SUCCESS,,evaluate_only
800,14,21162121,nLOCO,50,206.7377835311927,SUCCESS,,evaluate_only
800,14,21162121,dLOCO,50,303.6481452458538,SUCCESS,,evaluate_only
800,14,21162121,OT,50,26.02967737801373,SUCCESS,,evaluate_only
800,14,21162121,EOT,50,25.382904577068985,SUCCESS,,evaluate_only
800,14,21162121,FDFI,50,73.72754835197702,SUCCESS,,evaluate_only
800,14,21162121,SHAP,10,1561.1963957049884,SUCCESS,,evaluate_only
1000,14,21162121,CPI,50,161.31676335306838,SUCCESS,,evaluate_only
1000,14,21162121,LOCO,50,95.71096508903429,SUCCESS,,evaluate_only
1000,14,21162121,nLOCO,50,193.2232983210124,SUCCESS,,evaluate_only
1000,14,21162121,dLOCO,50,384.76080004591495,SUCCESS,,evaluate_only
1000,14,21162121,OT,50,34.24671173002571,SUCCESS,,evaluate_only
1000,14,21162121,EOT,50,34.22632644791156,SUCCESS,,evaluate_only
1000,14,21162121,FDFI,50,92.21234898408875,SUCCESS,,evaluate_only
1000,14,21162121,SHAP,10,1629.5481906956993,SUCCESS,,evaluate_only
200,15,21162221,CPI,50,88.5766456220299,SUCCESS,,evaluate_only
200,15,21162221,LOCO,50,99.03871981287375,SUCCESS,,evaluate_only
200,15,21162221,nLOCO,50,196.4822595990263,SUCCESS,,evaluate_only
200,15,21162221,dLOCO,50,112.20713698584586,SUCCESS,,evaluate_only
200,15,21162221,OT,50,5.338953956030309,SUCCESS,,evaluate_only
200,15,21162221,EOT,50,5.230546521954238,SUCCESS,,evaluate_only
200,15,21162221,FDFI,50,30.460097514092922,SUCCESS,,evaluate_only
200,15,21162221,SHAP,10,1306.5472881440073,SUCCESS,,evaluate_only
400,15,21162221,CPI,50,104.18596399901435,SUCCESS,,evaluate_only
400,15,21162221,LOCO,50,96.03328489884734,SUCCESS,,evaluate_only
400,15,21162221,nLOCO,50,205.77944012731314,SUCCESS,,evaluate_only
400,15,21162221,dLOCO,50,171.78677953919396,SUCCESS,,evaluate_only
400,15,21162221,OT,50,17.881959040183574,SUCCESS,,evaluate_only
400,15,21162221,EOT,50,12.364326732698828,SUCCESS,,evaluate_only
400,15,21162221,FDFI,50,50.48826994607225,SUCCESS,,evaluate_only
400,15,21162221,SHAP,10,1383.8276147306897,SUCCESS,,evaluate_only
600,15,21162221,CPI,50,125.62132242089137,SUCCESS,,evaluate_only
600,15,21162221,LOCO,50,92.78660353086889,SUCCESS,,evaluate_only
600,15,21162221,nLOCO,50,186.3210587813519,SUCCESS,,evaluate_only
600,15,21162221,dLOCO,50,216.23019467806444,SUCCESS,,evaluate_only
600,15,21162221,OT,50,20.903805091045797,SUCCESS,,evaluate_only
600,15,21162221,EOT,50,18.624850453808904,SUCCESS,,evaluate_only
600,15,21162221,FDFI,50,61.7609135331586,SUCCESS,,evaluate_only
600,15,21162221,SHAP,10,1410.7423579962924,SUCCESS,,evaluate_only
800,15,21162221,CPI,50,142.03867240669206,SUCCESS,,evaluate_only
800,15,21162221,LOCO,50,93.11748367594555,SUCCESS,,evaluate_only
800,15,21162221,nLOCO,50,199.42367358505726,SUCCESS,,evaluate_only
800,15,21162221,dLOCO,50,316.3656331738457,SUCCESS,,evaluate_only
800,15,21162221,OT,50,25.907906591892242,SUCCESS,,evaluate_only
800,15,21162221,EOT,50,25.92478092899546,SUCCESS,,evaluate_only
800,15,21162221,FDFI,50,78.03654963988811,SUCCESS,,evaluate_only
800,15,21162221,SHAP,10,1404.743443171028,SUCCESS,,evaluate_only
1000,15,21162221,CPI,50,161.16606223303825,SUCCESS,,evaluate_only
1000,15,21162221,LOCO,50,84.8740813229233,SUCCESS,,evaluate_only
1000,15,21162221,nLOCO,50,170.49216088000685,SUCCESS,,evaluate_only
1000,15,21162221,dLOCO,50,345.56321543781087,SUCCESS,,evaluate_only
1000,15,21162221,OT,50,34.925414863973856,SUCCESS,,evaluate_only
1000,15,21162221,EOT,50,34.65502879116684,SUCCESS,,evaluate_only
1000,15,21162221,FDFI,50,98.0926915910095,SUCCESS,,evaluate_only
1000,15,21162221,SHAP,10,1465.1442844108678,SUCCESS,,evaluate_only
200,16,21162321,CPI,50,87.28561629028991,SUCCESS,,evaluate_only
200,16,21162321,LOCO,50,90.79989499039948,SUCCESS,,evaluate_only
200,16,21162321,nLOCO,50,167.98275807825848,SUCCESS,,evaluate_only
200,16,21162321,dLOCO,50,101.8211717652157,SUCCESS,,evaluate_only
200,16,21162321,OT,50,7.674524053931236,SUCCESS,,evaluate_only
200,16,21162321,EOT,50,5.97734874393791,SUCCESS,,evaluate_only
200,16,21162321,FDFI,50,28.048956046346575,SUCCESS,,evaluate_only
